image1.jpg,3.3949999999999996,2.1440125000000005
image2.jpg,3.9299999999999997,0.22603750000000034
image3.jpg,3.3949999999999996,0.23406250000000028
image4.jpg,3.3949999999999996,0.24208750000000023
image5.jpg,3.3949999999999996,0.2501125000000002
image6.jpg,3.38,0.27817500000000006
image7.jpg,3.385,0.26827500000000004
image8.jpg,3.38,0.27637500000000004
image9.jpg,3.41,0.24439999999999995
image10.jpg,3.46,0.20820000000000083
image11.jpg,3.45,0.28785000000000127
image12.jpg,3.4699999999999998,0.29550000000000143
image13.jpg,3.56,0.18292500000000178
image14.jpg,3.5300000000000002,0.2981250000000024
image15.jpg,3.68,0.14502500000000262
image16.jpg,3.7600000000000002,0.13532500000000258
image17.jpg,3.7600000000000002,0.2853250000000025
image18.jpg,3.8000000000000003,0.2913250000000025
image19.jpg,3.9800000000000004,0.05687500000000245
image20.jpg,3.9200000000000004,0.2779750000000025
image21.jpg,4.13,0.08270000000000266
image22.jpg,4.08,0.2670500000000027
image23.jpg,4.265,0.09106250000000249
image24.jpg,4.22,0.2567375000000025
image25.jpg,4.505,-0.060187499999997396
image26.jpg,4.425,0.23028750000000286
image27.jpg,4.79,-0.14794999999999703
image28.jpg,4.695,0.19510000000000305
image29.jpg,4.91,-0.204599999999997
image30.jpg,4.87,0.15495000000000297
image31.jpg,4.58,-0.28632499999999705
image32.jpg,4.6899999999999995,0.10757500000000295
image33.jpg,4.235,-0.3553874999999972
image34.jpg,4.3500000000000005,0.054787500000002876
image35.jpg,3.9200000000000004,-0.3698249999999974
image36.jpg,3.725,-0.3979749999999975
image37.jpg,3.72,-0.044874999999997556
image38.jpg,3.62,-0.05177499999999746
image39.jpg,3.44,-0.2991249999999974
image40.jpg,3.5,-0.0909249999999977
image41.jpg,3.62,0.14172500000000188
image42.jpg,4.13,0.6802500000000018
image43.jpg,4.0,-0.007799999999998253
image44.jpg,4.595000000000001,0.5291625000000019
image45.jpg,4.460000000000001,0.041137500000001714
image46.jpg,4.595000000000001,0.039112500000001715
image47.jpg,4.61,0.05712500000000181
image48.jpg,4.605,0.03717500000000168
image49.jpg,4.445,-0.1851874999999984
image50.jpg,4.5,0.010037500000001476
image51.jpg,3.8299999999999996,-0.8142749999999989
image52.jpg,4.035,-0.08212499999999923
image53.jpg,3.3949999999999996,-0.6690624999999997
image54.jpg,3.5399999999999996,-0.15508749999999982
image55.jpg,3.1399999999999997,-0.5037499999999993
image56.jpg,3.2249999999999996,-0.20704999999999885
image57.jpg,3.005,-0.39668749999999875
image58.jpg,3.05,-0.24466249999999867
image59.jpg,2.93,-0.3548249999999986
image60.jpg,2.955,-0.27517499999999906
image61.jpg,2.915,-0.30556249999999974
image62.jpg,2.92,-0.2979875000000005
image63.jpg,2.9749999999999996,-0.22826250000000092
image64.jpg,2.955,-0.3103875000000009
image65.jpg,3.125,-0.12013750000000112
image66.jpg,3.075,-0.3095125000000012
image67.jpg,3.365,0.0017124999999986734
image68.jpg,3.285,-0.2944625000000016
image69.jpg,3.7099999999999995,0.1582249999999985
image70.jpg,4.045,0.3388999999999984
image71.jpg,4.01,-0.20530000000000181
image72.jpg,4.159999999999999,-0.2095000000000018
image73.jpg,4.595000000000001,0.3673874999999982
image74.jpg,4.45,-0.15663750000000176
image75.jpg,4.535,-0.2388125000000017
image76.jpg,4.555000000000001,-0.16913750000000155
image77.jpg,3.9499999999999997,-0.9529250000000016
image78.jpg,4.145,-0.2561750000000018
image79.jpg,3.4549999999999996,-0.9226625000000026
image80.jpg,3.6199999999999997,-0.33638750000000295
image81.jpg,3.305,-0.5444875000000036
image82.jpg,3.355,-0.3729625000000045
image83.jpg,3.32,-0.3614000000000046
image84.jpg,3.4800000000000004,-0.16738750000000513
image85.jpg,3.43,-0.3729625000000052
image86.jpg,3.4850000000000003,-0.3805375000000055
image87.jpg,3.8899999999999997,0.15289999999999448
image88.jpg,3.755,-0.3386500000000059
image89.jpg,4.535,0.5174124999999941
image90.jpg,4.32,-0.2589125000000059
image91.jpg,4.82,0.6003749999999943
image92.jpg,4.725,-0.17272500000000568
image93.jpg,4.055,0.8500874999999946
image94.jpg,4.3100000000000005,-0.06318750000000567
image95.jpg,3.26,1.0035249999999947
image96.jpg,3.525,0.05822499999999464
image97.jpg,2.75,0.7481999999999944
image98.jpg,2.92,0.1474499999999943
image99.jpg,2.435,0.5794874999999942
image100.jpg,2.54,0.2143124999999948
image101.jpg,2.315,0.387437499999995
image102.jpg,2.355,0.2568624999999951
image103.jpg,2.3299999999999996,0.2502499999999954
image104.jpg,2.3249999999999997,0.28159999999999563
image105.jpg,2.4800000000000004,0.09457499999999586
image106.jpg,2.43,0.28717499999999596
image107.jpg,2.7800000000000002,-0.10097500000000403
image108.jpg,2.68,0.2701249999999966
image109.jpg,3.2749999999999995,-0.380012500000003
image110.jpg,3.1099999999999994,0.22261249999999766
image111.jpg,3.995,-0.7305625000000018
image112.jpg,3.755,0.13846249999999838
image113.jpg,4.865,-1.0186875000000015
image114.jpg,4.575,0.02598749999999872
image115.jpg,4.34,-1.0353250000000016
image116.jpg,4.515,-0.0846250000000014
image117.jpg,3.635,-1.0296875000000014
image118.jpg,3.8699999999999997,-0.19051250000000164
image119.jpg,3.1999999999999997,-0.7784250000000019
image120.jpg,3.3449999999999998,-0.26542500000000246
image121.jpg,3.0199999999999996,-0.5148750000000026
image122.jpg,3.0799999999999996,-0.30877500000000335
image123.jpg,3.0199999999999996,-0.31867500000000426
image124.jpg,3.0199999999999996,-0.32857500000000517
image125.jpg,3.1999999999999997,-0.09802500000000602
image126.jpg,3.1399999999999997,-0.32302500000000656
image127.jpg,3.635,0.2490624999999933
image128.jpg,3.4899999999999998,-0.279762500000007
image129.jpg,4.415,0.755362499999993
image130.jpg,4.155,-0.18356250000000718
image131.jpg,4.625,1.0959124999999927
image132.jpg,4.555,-0.054212500000007324
image133.jpg,3.6499999999999995,1.250099999999993
image134.jpg,3.9749999999999996,0.08684999999999332
image135.jpg,2.93,1.055399999999994
image136.jpg,3.17,0.20174999999999432
image137.jpg,2.51,0.7731499999999949
image138.jpg,2.65,0.2815999999999952
image139.jpg,2.3299999999999996,0.534499999999996
image140.jpg,2.3899999999999997,0.33184999999999576
image141.jpg,2.3600000000000003,0.30512499999999587
image142.jpg,2.35,0.3543249999999958
image143.jpg,2.5849999999999995,0.06696249999999537
image144.jpg,2.51,0.3490374999999952
image145.jpg,3.0199999999999996,-0.2199750000000047
image146.jpg,2.8749999999999996,0.311924999999996
image147.jpg,3.755,-0.6600125000000032
image148.jpg,3.51,0.22821249999999704
image149.jpg,4.835,-1.2082625000000027
image150.jpg,4.475,0.08856249999999743
image151.jpg,4.07,-1.3733500000000027
image152.jpg,4.325,-0.06400000000000267
image153.jpg,3.1700000000000004,-1.2709000000000028
image154.jpg,3.47,-0.20005000000000317
image155.jpg,2.615,-0.9505875000000037
image156.jpg,2.8000000000000003,-0.2965125000000035
image157.jpg,2.3449999999999998,-0.6691125000000038
image158.jpg,2.435,-0.3583875000000041
image159.jpg,2.285,-0.4518125000000044
image160.jpg,2.3049999999999997,-0.3933875000000051
image161.jpg,2.435,-0.2065875000000057
image162.jpg,2.385,-0.39941250000000617
image163.jpg,2.7800000000000002,0.0486249999999937
image164.jpg,2.665,-0.3764750000000068
image165.jpg,3.305,0.3137374999999927
image166.jpg,3.13,-0.3247375000000079
image167.jpg,4.1899999999999995,0.8489999999999918
image168.jpg,3.895,-0.2170500000000084
image169.jpg,4.715,1.241637499999992
image170.jpg,4.539999999999999,-0.0709375000000082
image171.jpg,3.635,1.373187499999992
image172.jpg,3.9949999999999997,0.084012499999992
image173.jpg,2.885,1.0927124999999924
image174.jpg,3.135,0.2032874999999923
image175.jpg,2.4200000000000004,0.8350249999999919
image176.jpg,2.575,0.2899249999999922
image177.jpg,2.2099999999999995,0.5833499999999927
image178.jpg,2.28,0.3452999999999933
image179.jpg,2.2099999999999995,0.35924999999999363
image180.jpg,2.2099999999999995,0.373199999999994
image181.jpg,2.3449999999999998,0.20681249999999407
image182.jpg,2.3,0.38208749999999414
image183.jpg,2.6449999999999996,-0.005387500000005652
image184.jpg,2.545,0.3663874999999952
image185.jpg,3.0949999999999998,-0.22296250000000395
image186.jpg,2.945,0.32656249999999654
image187.jpg,3.755,-0.5455625000000035
image188.jpg,3.535,0.2526624999999969
image189.jpg,4.61,-0.883250000000003
image190.jpg,4.325,0.14469999999999716
image191.jpg,4.52,-1.015525000000003
image192.jpg,4.55,0.026074999999997295
image193.jpg,3.68,-1.098425000000003
image194.jpg,3.96,-0.09702500000000303
image195.jpg,3.0799999999999996,-0.9051250000000031
image196.jpg,3.28,-0.19472500000000315
image197.jpg,2.7350000000000003,-0.6651875000000036
image198.jpg,2.85,-0.2625125000000037
image199.jpg,2.5999999999999996,-0.45417500000000377
image200.jpg,2.645,-0.30417500000000386
image201.jpg,2.5999999999999996,-0.31617500000000387
image202.jpg,2.5999999999999996,-0.3281750000000039
image203.jpg,2.7049999999999996,-0.19991250000000393
image204.jpg,2.67,-0.33738750000000417
image205.jpg,2.93,-0.04830000000000467
image206.jpg,2.855,-0.32865000000000544
image207.jpg,3.26,0.10182499999999406
image208.jpg,3.15,-0.302875000000006
image209.jpg,3.755,0.34966249999999466
image210.jpg,3.59,-0.2505625000000056
image211.jpg,4.43,0.644899999999994
image212.jpg,4.205,-0.16795000000000604
image213.jpg,4.835,0.8110374999999942
image214.jpg,4.699999999999999,-0.07013750000000585
image215.jpg,4.145,0.8524124999999942
image216.jpg,4.375,0.02868749999999448
image217.jpg,3.5450000000000004,0.8344624999999948
image218.jpg,3.745,0.1217374999999945
image219.jpg,3.1700000000000004,0.6299499999999949
image220.jpg,3.2950000000000004,0.18909999999999516
image221.jpg,3.0199999999999996,0.398624999999996
image222.jpg,3.07,0.22852499999999676
image223.jpg,3.0500000000000003,0.19834999999999736
image224.jpg,3.04,0.24409999999999776
image225.jpg,3.1999999999999997,0.053474999999998385
image226.jpg,3.15,0.24247499999999889
image227.jpg,3.5,-0.14927500000000116
image228.jpg,3.4,0.218224999999999
image229.jpg,4.01,-0.45555000000000057
image230.jpg,3.84,0.1614
image231.jpg,4.654999999999999,-0.6952624999999997
image232.jpg,4.4399999999999995,0.08046250000000033
image233.jpg,4.654999999999999,-0.8395374999999997
image234.jpg,4.654999999999999,-0.013262499999999622
image235.jpg,4.055,-0.8164874999999997
image236.jpg,4.255,-0.10121249999999982
image237.jpg,3.56,-0.7671750000000002
image238.jpg,3.725,-0.1803750000000004
image239.jpg,3.32,-0.5081750000000009
image240.jpg,3.4,-0.22857500000000108
image241.jpg,3.29,-0.27705000000000135
image242.jpg,3.3,-0.24960000000000182
image243.jpg,3.44,-0.05777500000000213
image244.jpg,3.3899999999999997,-0.24557500000000232
image245.jpg,3.815,0.24756249999999724
image246.jpg,3.69,-0.2083625000000029
image247.jpg,4.4750000000000005,0.6673624999999972
image248.jpg,4.255000000000001,-0.12726250000000316
image249.jpg,4.73,0.9320999999999968
image250.jpg,4.6450000000000005,-0.020550000000003288
image251.jpg,3.9200000000000004,1.062824999999997
image252.jpg,4.19,0.09622499999999712
image253.jpg,3.26,0.9832749999999977
image254.jpg,3.48,0.19997499999999757
image255.jpg,2.915,0.6695374999999975
image256.jpg,3.03,0.2659624999999979
image257.jpg,2.81,0.4166499999999984
image258.jpg,2.8449999999999998,0.30159999999999876
image259.jpg,2.945,0.13221249999999873
image260.jpg,2.9,0.3044874999999987
image261.jpg,3.305,-0.16613750000000094
image262.jpg,3.185,0.2743374999999997
image263.jpg,3.9649999999999994,-0.5988374999999997
image264.jpg,3.7449999999999997,0.19833750000000072
image265.jpg,4.865,-0.9987374999999992
image266.jpg,4.565,0.0819375000000011
image267.jpg,4.1000000000000005,-1.299974999999999
image268.jpg,4.355,-0.06247499999999906
image269.jpg,3.1999999999999997,-1.2692249999999996
image270.jpg,3.5,-0.19822499999999987
image271.jpg,2.7049999999999996,-0.8684625000000001
image272.jpg,2.8699999999999997,-0.2859375000000002
image273.jpg,2.435,-0.6580875000000006
image274.jpg,2.525,-0.34691250000000107
image275.jpg,2.4200000000000004,-0.3797750000000013
image276.jpg,2.4250000000000003,-0.37467500000000165
image277.jpg,2.615,-0.12708750000000224
image278.jpg,2.5500000000000003,-0.3730125000000024
image279.jpg,3.0199999999999996,0.1560749999999973
image280.jpg,2.885,-0.3398250000000038
image281.jpg,3.7250000000000005,0.5920374999999956
image282.jpg,3.49,-0.2603375000000048
image283.jpg,4.76,1.1158749999999955
image284.jpg,4.415,-0.1273250000000048
image285.jpg,4.1000000000000005,1.3943249999999956
image286.jpg,4.32,0.030824999999995883
image287.jpg,3.0949999999999998,1.3778374999999965
image288.jpg,3.43,0.18136249999999654
image289.jpg,2.555,0.9122374999999971
image290.jpg,2.7350000000000003,0.2764624999999983
image291.jpg,2.255,0.6894374999999986
image292.jpg,2.355,0.34316249999999915
image293.jpg,2.195,0.43703750000000063
image294.jpg,2.215,0.37906250000000075
image295.jpg,2.315,0.23278750000000104
image296.jpg,2.275,0.3902125000000014
image297.jpg,2.57,0.06300000000000194
image298.jpg,2.485,0.38115000000000254
image299.jpg,3.035,-0.22786249999999741
image300.jpg,2.88,0.33996250000000305
image301.jpg,3.68,-0.5118249999999969
image302.jpg,3.465,0.2687750000000029
image303.jpg,4.535,-0.8667624999999974
image304.jpg,4.25,0.1615625000000025
image305.jpg,4.55,-1.0583999999999978
image306.jpg,4.545,0.037350000000002215
image307.jpg,3.7099999999999995,-1.086999999999998
image308.jpg,3.9899999999999998,-0.08544999999999803
image309.jpg,3.125,-0.8733624999999987
image310.jpg,3.32,-0.18073749999999866
image311.jpg,2.7950000000000004,-0.6309374999999986
image312.jpg,2.9050000000000002,-0.2459624999999992
image313.jpg,2.69,-0.39724999999999966
image314.jpg,2.725,-0.28279999999999994
image315.jpg,2.75,-0.2142000000000004
image316.jpg,2.73,-0.29745000000000044
image317.jpg,2.93,-0.06825000000000037
image318.jpg,2.87,-0.29460000000000086
image319.jpg,3.245,0.1158374999999987
image320.jpg,3.14,-0.2709375000000014
image321.jpg,3.7099999999999995,0.3414499999999987
image322.jpg,3.5549999999999997,-0.22300000000000164
image323.jpg,4.3999999999999995,0.6922749999999984
image324.jpg,4.17,-0.13872500000000176
image325.jpg,4.895,0.8000374999999983
image326.jpg,4.7299999999999995,-0.045437500000001685
image327.jpg,4.205,0.8768124999999983
image328.jpg,4.435,0.05278749999999832
image329.jpg,3.62,0.8382249999999986
image330.jpg,3.815,0.1431249999999985
image331.jpg,3.26,0.6309249999999986
image332.jpg,3.38,0.2076249999999984
image333.jpg,3.1399999999999997,0.376624999999998
image334.jpg,3.1799999999999997,0.2419249999999975
image335.jpg,3.215,0.1510374999999975
image336.jpg,3.19,0.24996249999999787
image337.jpg,3.41,-0.0016000000000020442
image338.jpg,3.3449999999999998,0.2403499999999985
image339.jpg,3.7849999999999993,-0.25263750000000074
image340.jpg,3.6599999999999993,0.2034374999999995
image341.jpg,4.37,-0.5719500000000002
image342.jpg,4.175,0.13319999999999999
image343.jpg,4.955,-0.7653375000000001
image344.jpg,4.76,0.04443750000000002
image345.jpg,4.265,-0.8775125000000001
image346.jpg,4.495,-0.053187500000000124
image347.jpg,3.6650000000000005,-0.8583625000000004
image348.jpg,3.865,-0.14503750000000037
image349.jpg,3.29,-0.6526500000000006
image350.jpg,3.415,-0.2112000000000014
image351.jpg,3.1399999999999997,-0.42012500000000186
image352.jpg,3.1899999999999995,-0.24942500000000134
image353.jpg,3.1999999999999997,-0.17857500000000126
image354.jpg,3.1799999999999997,-0.25957500000000167
image355.jpg,3.44,0.05202499999999821
image356.jpg,3.36,-0.24377500000000207
image357.jpg,3.935,0.4096624999999974
image358.jpg,3.77,-0.18966250000000273
image359.jpg,4.654999999999999,0.7668124999999975
image360.jpg,4.414999999999999,-0.09891250000000285
image361.jpg,4.4750000000000005,1.0615374999999974
image362.jpg,4.535,0.02016249999999753
image363.jpg,3.62,1.1649249999999978
image364.jpg,3.9050000000000002,0.14582499999999787
image365.jpg,3.035,0.934187499999998
image366.jpg,3.23,0.2420124999999982
image367.jpg,2.7350000000000003,0.6525874999999988
image368.jpg,2.835,0.3039124999999987
image369.jpg,2.69,0.37534999999999874
image370.jpg,2.705,0.3328999999999991
image371.jpg,2.8550000000000004,0.12403749999999913
image372.jpg,2.8000000000000003,0.33276249999999896
image373.jpg,3.2300000000000004,-0.1574500000000012
image374.jpg,3.1050000000000004,0.3013999999999988
image375.jpg,3.9499999999999997,-0.6515500000000016
image376.jpg,3.71,0.21769999999999867
image377.jpg,4.955,-1.1195625000000011
image378.jpg,4.62,0.0866624999999992
image379.jpg,3.935,-1.3958875000000008
image380.jpg,4.275,-0.0692125000000006
image381.jpg,3.065,-1.236712500000001
image382.jpg,3.355,-0.20238750000000105
image383.jpg,2.555,-0.8933375000000012
image384.jpg,2.725,-0.29356250000000106
image385.jpg,2.3000000000000003,-0.6464250000000016
image386.jpg,2.3850000000000002,-0.35392500000000204
image387.jpg,2.285,-0.3874625000000025
image388.jpg,2.29,-0.38303750000000303
image389.jpg,2.4200000000000004,-0.21627500000000355
image390.jpg,2.375,-0.39117500000000405
image391.jpg,2.7649999999999997,0.05678749999999555
image392.jpg,2.65,-0.3683875000000052
image393.jpg,3.3499999999999996,0.40189999999999415
image394.jpg,3.155,-0.3083500000000061
image395.jpg,4.325,0.9858374999999937
image396.jpg,4.0,-0.18753750000000657
image397.jpg,4.52,1.3519749999999937
image398.jpg,4.455,-0.031625000000006454
image399.jpg,3.4250000000000003,1.4335124999999935
image400.jpg,3.79,0.1273874999999931
image401.jpg,2.7350000000000003,1.0569874999999933
image402.jpg,2.9650000000000003,0.24031249999999327
image403.jpg,2.3449999999999998,0.7726124999999935
image404.jpg,2.475,0.31788749999999366
image405.jpg,2.2249999999999996,0.49146249999999414
image406.jpg,2.2649999999999997,0.36133749999999365
image407.jpg,2.315,0.2549874999999937
image408.jpg,2.285,0.37641249999999404
image409.jpg,2.5849999999999995,0.029162499999994207
image410.jpg,2.4949999999999997,0.36523749999999433
image411.jpg,3.035,-0.22381250000000597
image412.jpg,2.885,0.32601249999999427
image413.jpg,3.74,-0.6059250000000054
image414.jpg,3.505,0.24637499999999468
image415.jpg,4.715,-1.0497625000000055
image416.jpg,4.39,0.12166249999999468
image417.jpg,4.25,-1.2595000000000054
image418.jpg,4.405,-0.021250000000005376
image419.jpg,3.38,-1.187175000000006
image420.jpg,3.67,-0.15127500000000604
image421.jpg,2.84,-0.8807250000000064
image422.jpg,3.02,-0.24352500000000643
image423.jpg,2.555,-0.6350375000000072
image424.jpg,2.6500000000000004,-0.305262500000008
image425.jpg,2.495,-0.3976375000000081
image426.jpg,2.515,-0.3381625000000077
image427.jpg,2.5999999999999996,-0.2104250000000074
image428.jpg,2.565,-0.3484250000000073
image429.jpg,2.87,0.000249999999992756
image430.jpg,2.7800000000000002,-0.33440000000000714
image431.jpg,3.26,0.17592499999999278
image432.jpg,3.13,-0.30077500000000734
image433.jpg,3.8899999999999997,0.5320999999999931
image434.jpg,3.6799999999999997,-0.22945000000000704
image435.jpg,4.685,0.8269874999999931
image436.jpg,4.42,-0.12858750000000696
image437.jpg,4.49,0.9718999999999931
image438.jpg,4.555,-0.015550000000007003
image439.jpg,3.7250000000000005,1.0089124999999932
image440.jpg,3.9800000000000004,0.09728749999999309
image441.jpg,3.1700000000000004,0.8450499999999934
image442.jpg,3.3550000000000004,0.18819999999999393
image443.jpg,2.8999999999999995,0.5580249999999944
image444.jpg,2.9899999999999998,0.244524999999995
image445.jpg,2.84,0.335174999999996
image446.jpg,2.86,0.2739749999999965
image447.jpg,2.8999999999999995,0.20462499999999695
image448.jpg,2.88,0.28712499999999785
image449.jpg,3.1100000000000003,0.017099999999998783
image450.jpg,3.04,0.2785499999999992
image451.jpg,3.4850000000000003,-0.21293750000000067
image452.jpg,3.3600000000000003,0.24463749999999962
image453.jpg,4.1000000000000005,-0.5693250000000003
image454.jpg,3.8950000000000005,0.17317500000000008
image455.jpg,4.79,-0.7440500000000001
image456.jpg,4.5600000000000005,0.08499999999999996
image457.jpg,4.4750000000000005,-0.8957875000000002
image458.jpg,4.58,-0.016412500000000163
image459.jpg,3.8000000000000003,-0.9207250000000005
image460.jpg,4.025,-0.11672500000000041
image461.jpg,3.3349999999999995,-0.7438875000000007
image462.jpg,3.4899999999999998,-0.19421250000000057
image463.jpg,3.1399999999999997,-0.4630250000000009
image464.jpg,3.2049999999999996,-0.23832500000000056
image465.jpg,3.1700000000000004,-0.20755000000000035
image466.jpg,3.16,-0.2527000000000008
image467.jpg,3.41,0.05874999999999897
image468.jpg,3.33,-0.2372000000000014
image469.jpg,3.875,0.3760124999999983
image470.jpg,3.7199999999999998,-0.18761250000000174
image471.jpg,4.565,0.7284874999999986
image472.jpg,4.335,-0.10168750000000149
image473.jpg,4.625,0.9781624999999987
image474.jpg,4.605,0.008037499999998698
image475.jpg,3.8000000000000003,1.1119749999999988
image476.jpg,4.075,0.12797499999999873
image477.jpg,3.2300000000000004,0.8953999999999989
image478.jpg,3.4200000000000004,0.22024999999999895
image479.jpg,2.945,0.609812499999999
image480.jpg,3.04,0.27808749999999893
image481.jpg,2.915,0.32843749999999927
image482.jpg,2.925,0.3028624999999998
image483.jpg,3.0799999999999996,0.09287500000000026
image484.jpg,3.0249999999999995,0.3004750000000005
image485.jpg,3.4699999999999998,-0.2108999999999992
image486.jpg,3.34,0.26475000000000115
image487.jpg,4.13,-0.6092499999999985
image488.jpg,3.91,0.1871000000000016
image489.jpg,4.955,-0.9106124999999987
image490.jpg,4.68,0.07961250000000131
image491.jpg,4.115,-1.1624874999999988
image492.jpg,4.3950000000000005,-0.050912499999998403
image493.jpg,3.3499999999999996,-1.0772499999999987
image494.jpg,3.605,-0.16749999999999843
image495.jpg,2.885,-0.7969124999999984
image496.jpg,3.04,-0.24948749999999786
image497.jpg,2.69,-0.5205499999999974
image498.jpg,2.755,-0.2980999999999976
image499.jpg,2.7350000000000003,-0.24953749999999797
image500.jpg,2.72,-0.31486249999999805
image501.jpg,2.945,-0.04566249999999794
image502.jpg,2.875,-0.3079374999999982
image503.jpg,3.38,0.2628750000000015
image504.jpg,3.235,-0.2672249999999985
image505.jpg,4.145,0.746587500000002
image506.jpg,3.8899999999999997,-0.17568749999999844
image507.jpg,4.895,1.1024375000000017
image508.jpg,4.645,-0.04903749999999829
image509.jpg,3.8899999999999997,1.2940000000000018
image510.jpg,4.225,0.09355000000000191
image511.jpg,3.125,1.1210125000000024
image512.jpg,3.38,0.21238750000000217
image513.jpg,2.7199999999999998,0.7627750000000026
image514.jpg,2.855,0.28817500000000296
image515.jpg,2.5849999999999995,0.47991250000000285
image516.jpg,2.63,0.32998750000000276
image517.jpg,2.6750000000000003,0.22183750000000257
image518.jpg,2.645,0.34146250000000267
image519.jpg,2.9599999999999995,-0.027624999999996902
image520.jpg,2.8649999999999998,0.3245750000000034
image521.jpg,3.5,-0.38657499999999656
image522.jpg,3.32,0.26892500000000386
image523.jpg,4.325,-0.825637499999996
image524.jpg,4.05,0.1677375000000043
image525.jpg,4.745,-1.0712124999999957
image526.jpg,4.605,0.043512500000004284
image527.jpg,3.7849999999999993,-1.240162499999996
image528.jpg,4.1049999999999995,-0.0942374999999962
image529.jpg,3.1100000000000003,-1.0019999999999967
image530.jpg,3.335,-0.2014499999999968
image531.jpg,2.7199999999999998,-0.731874999999997
image532.jpg,2.85,-0.27527499999999705
image533.jpg,2.5999999999999996,-0.446974999999997
image534.jpg,2.6399999999999997,-0.3149749999999969
image535.jpg,2.66,-0.24682499999999719
image536.jpg,2.6399999999999997,-0.33052499999999796
image537.jpg,2.87,-0.06169999999999831
image538.jpg,2.8,-0.32434999999999814
image539.jpg,3.2749999999999995,0.2060125000000017
image540.jpg,3.1399999999999997,-0.2886124999999993
image541.jpg,3.995,0.6645625000000002
image542.jpg,3.755,-0.2044625
image543.jpg,4.895,0.9927625000000002
image544.jpg,4.595,-0.08776249999999997
image545.jpg,4.159999999999999,1.1740750000000002
image546.jpg,4.404999999999999,0.044275000000000175
image547.jpg,3.3949999999999996,1.0703875000000007
image548.jpg,3.6499999999999995,0.1604125000000005
image549.jpg,2.945,0.7695625000000001
image550.jpg,3.0949999999999998,0.23983750000000015
image551.jpg,2.7800000000000002,0.4705250000000003
image552.jpg,2.835,0.2836250000000007
image553.jpg,2.84,0.2145750000000013
image554.jpg,2.8200000000000003,0.2973750000000015
image555.jpg,3.0799999999999996,-0.012424999999998132
image556.jpg,3.0,0.2851750000000024
image557.jpg,3.5899999999999994,-0.3864999999999972
image558.jpg,3.4199999999999995,0.23255000000000337
image559.jpg,4.385,-0.8223874999999965
image560.jpg,4.12,0.13468750000000362
image561.jpg,4.685,-1.1045624999999966
image562.jpg,4.585,0.009862500000003549
image563.jpg,3.7849999999999993,-1.193962499999997
image564.jpg,4.084999999999999,-0.1200374999999973
image565.jpg,3.185,-0.9276124999999977
image566.jpg,3.385,-0.21668749999999815
image567.jpg,2.87,-0.6465499999999986
image568.jpg,2.975,-0.27919999999999856
image569.jpg,2.81,-0.3699999999999988
image570.jpg,2.83,-0.3089499999999994
image571.jpg,2.945,-0.13956249999999937
image572.jpg,2.9,-0.3118374999999993
image573.jpg,3.29,0.13875000000000037
image574.jpg,3.175,-0.2838000000000003
image575.jpg,3.9499999999999997,0.5892999999999993
image576.jpg,3.7299999999999995,-0.20795000000000097
image577.jpg,4.8500000000000005,0.9890499999999989
image578.jpg,4.550000000000001,-0.09170000000000122
image579.jpg,4.145,1.2500624999999992
image580.jpg,4.38,0.048337499999999395
image581.jpg,3.32,1.1546749999999995
image582.jpg,3.5949999999999998,0.1730749999999992
image583.jpg,2.8249999999999997,0.8427124999999993
image584.jpg,2.9899999999999998,0.2595874999999994
image585.jpg,2.63,0.5309499999999998
image586.jpg,2.695,0.30879999999999974
image587.jpg,2.66,0.2805749999999998
image588.jpg,2.65,0.32827500000000054
image589.jpg,2.8999999999999995,0.01937500000000103
image590.jpg,2.8199999999999994,0.3178750000000017
image591.jpg,3.365,-0.29278749999999754
image592.jpg,3.21,0.2733875000000028
image593.jpg,4.115,-0.7203124999999972
image594.jpg,3.865,0.1841125000000028
image595.jpg,5.0,-0.9936749999999972
image596.jpg,4.705,0.06832500000000286
image597.jpg,4.0249999999999995,-1.2341124999999973
image598.jpg,4.35,-0.06898749999999731
image599.jpg,3.2749999999999995,-1.0757374999999978
image600.jpg,3.5249999999999995,-0.1843624999999982
image601.jpg,2.8249999999999997,-0.7941124999999989
image602.jpg,2.9749999999999996,-0.26498749999999927
image603.jpg,2.6449999999999996,-0.5163124999999997
image604.jpg,2.7049999999999996,-0.3120875000000005
image605.jpg,2.6750000000000003,-0.2837875000000012
image606.jpg,2.665,-0.33141250000000166
image607.jpg,2.84,-0.12262500000000243
image608.jpg,2.785,-0.33142500000000297
image609.jpg,3.215,0.15871249999999648
image610.jpg,3.09,-0.3002125000000042
image611.jpg,3.875,0.5725124999999958
image612.jpg,3.6550000000000002,-0.2251125000000045
image613.jpg,4.79,0.9915499999999957
image614.jpg,4.485,-0.10750000000000437
image615.jpg,4.265,1.1538124999999957
image616.jpg,4.4399999999999995,0.023487499999995443
image617.jpg,3.44,1.1292249999999957
image618.jpg,3.715,0.1470249999999962
image619.jpg,2.945,0.8160624999999966
image620.jpg,3.11,0.23233749999999675
image621.jpg,2.75,0.5030999999999972
image622.jpg,2.815,0.2803499999999972
image623.jpg,2.7649999999999997,0.2715624999999968
image624.jpg,2.76,0.3007374999999972
image625.jpg,2.99,0.011349999999997973
image626.jpg,2.915,0.2913999999999981
image627.jpg,3.4549999999999996,-0.31971250000000184
image628.jpg,3.3,0.24601249999999864
image629.jpg,4.25,-0.8082500000000012
image630.jpg,3.985,0.14949999999999908
image631.jpg,4.79,-1.1291500000000008
image632.jpg,4.61,0.021799999999999264
image633.jpg,3.8450000000000006,-1.241612500000001
image634.jpg,4.16,-0.11338750000000108
image635.jpg,3.1700000000000004,-1.0208500000000011
image636.jpg,3.3950000000000005,-0.22000000000000153
image637.jpg,2.81,-0.7100500000000021
image638.jpg,2.93,-0.28900000000000237
image639.jpg,2.7049999999999996,-0.44021250000000256
image640.jpg,2.7399999999999998,-0.32568750000000257
image641.jpg,2.81,-0.19690000000000296
image642.jpg,2.775,-0.33385000000000353
image643.jpg,3.125,0.0759874999999961
image644.jpg,3.02,-0.3113875000000039
image645.jpg,3.7099999999999995,0.4606999999999961
image646.jpg,3.5149999999999997,-0.24775000000000436
image647.jpg,4.625,0.9680874999999955
image648.jpg,4.32,-0.13178750000000483
image649.jpg,4.34,1.2489249999999954
image650.jpg,4.435,0.010224999999995155
image651.jpg,3.41,1.2558499999999952
image652.jpg,3.7199999999999998,0.1477999999999955
image653.jpg,2.8249999999999997,0.9372124999999965
image654.jpg,3.0199999999999996,0.2460874999999969
image655.jpg,2.555,0.6176374999999972
image656.jpg,2.645,0.3058624999999977
image657.jpg,2.5249999999999995,0.35816249999999794
image658.jpg,2.5349999999999997,0.3345374999999984
image659.jpg,2.7049999999999996,0.1064624999999988
image660.jpg,2.6449999999999996,0.3339374999999989
image661.jpg,3.0500000000000003,-0.11545000000000094
image662.jpg,2.935,0.3082999999999996
image663.jpg,3.6650000000000005,-0.5034874999999999
image664.jpg,3.4600000000000004,0.2411875000000001
image665.jpg,4.64,-1.054575
image666.jpg,4.3149999999999995,0.11722500000000013
image667.jpg,4.325,-1.2635625
image668.jpg,4.43,-0.024937500000000168
image669.jpg,3.4699999999999998,-1.1704500000000004
image670.jpg,3.755,-0.15210000000000035
image671.jpg,2.93,-0.8811000000000009
image672.jpg,3.1100000000000003,-0.2434500000000015
image673.jpg,2.66,-0.6144750000000023
image674.jpg,2.75,-0.3021750000000032
image675.jpg,2.63,-0.35395000000000376
image676.jpg,2.6399999999999997,-0.32980000000000365
image677.jpg,2.7800000000000002,-0.14127500000000337
image678.jpg,2.73,-0.33237500000000386
image679.jpg,3.1100000000000003,0.0973499999999956
image680.jpg,3.0,-0.3081000000000045
image681.jpg,3.695,0.4639124999999953
image682.jpg,3.5,-0.24461250000000545
image683.jpg,4.58,0.9310749999999941
image684.jpg,4.285,-0.13302500000000617
image685.jpg,4.43,1.1873499999999941
image686.jpg,4.48,0.0021999999999939845
image687.jpg,3.5749999999999997,1.147187499999994
image688.jpg,3.86,0.1283124999999944
image689.jpg,3.005,0.896862499999995
image690.jpg,3.195,0.2228374999999947
image691.jpg,2.7350000000000003,0.5934874999999948
image692.jpg,2.825,0.2808124999999948
image693.jpg,2.7350000000000003,0.29213749999999505
image694.jpg,2.7350000000000003,0.3034624999999953
image695.jpg,2.885,0.11441249999999537
image696.jpg,2.835,0.3049874999999953
image697.jpg,3.215,-0.12526250000000472
image698.jpg,3.105,0.2796624999999957
image699.jpg,3.7699999999999996,-0.4528000000000043
image700.jpg,3.585,0.21934999999999616
image701.jpg,4.49,-0.7363000000000037
image702.jpg,4.25,0.13024999999999642
image703.jpg,4.654999999999999,-1.0093375000000036
image704.jpg,4.6,0.014937499999996495
image705.jpg,3.9049999999999994,-0.9886625000000037
image706.jpg,4.154999999999999,-0.09413750000000387
image707.jpg,3.32,-0.881075000000004
image708.jpg,3.5149999999999997,-0.18747500000000406
image709.jpg,3.0199999999999996,-0.5966250000000044
image710.jpg,3.1199999999999997,-0.246525000000005
image711.jpg,2.945,-0.35661250000000555
image712.jpg,2.9699999999999998,-0.2768875000000057
image713.jpg,3.0199999999999996,-0.1869750000000061
image714.jpg,2.9949999999999997,-0.2868750000000069
image715.jpg,3.2749999999999995,0.043862499999992366
image716.jpg,3.1899999999999995,-0.27076250000000845
image717.jpg,3.7699999999999996,0.38184999999999114
image718.jpg,3.6049999999999995,-0.21830000000000926
image719.jpg,4.49,0.7373499999999906
image720.jpg,4.25,-0.12920000000000953
image721.jpg,4.685,0.9703124999999906
image722.jpg,4.62,-0.018112500000009524
image723.jpg,3.9200000000000004,1.0053749999999908
image724.jpg,4.175,0.09277499999999111
image725.jpg,3.3499999999999996,0.8595999999999915
image726.jpg,3.54,0.18384999999999163
image727.jpg,3.0799999999999996,0.5527749999999918
image728.jpg,3.17,0.23837499999999223
image729.jpg,3.065,0.2680124999999922
image730.jpg,3.07,0.2596874999999925
image731.jpg,3.245,0.02891249999999257
image732.jpg,3.185,0.2536874999999923
image733.jpg,3.635,-0.2585125000000077
image734.jpg,3.505,0.2163124999999928
image735.jpg,4.34,-0.7186250000000072
image736.jpg,4.1049999999999995,0.13067499999999277
image737.jpg,4.8500000000000005,-0.9480500000000074
image738.jpg,4.680000000000001,0.023199999999992782
image739.jpg,3.995,-1.1196875000000073
image740.jpg,4.28,-0.09871250000000695
image741.jpg,3.365,-0.9453125000000073
image742.jpg,3.575,-0.19748750000000714
image743.jpg,3.0199999999999996,-0.6665250000000076
image744.jpg,3.135,-0.26242500000000835
image745.jpg,2.945,-0.3725125000000089
image746.jpg,2.9699999999999998,-0.2927875000000091
image747.jpg,3.065,-0.14276250000000923
image748.jpg,3.025,-0.29643750000000946
image749.jpg,3.3949999999999996,0.13471249999999024
image750.jpg,3.2849999999999997,-0.2693125000000096
image751.jpg,4.01,0.5441999999999907
image752.jpg,3.8049999999999997,-0.19875000000000975
image753.jpg,4.865,0.9384374999999898
image754.jpg,4.58,-0.0882375000000104
image755.jpg,4.175,1.1934874999999896
image756.jpg,4.405,0.04561249999998951
image757.jpg,3.3349999999999995,1.1718374999999899
image758.jpg,3.6149999999999998,0.1721624999999899
image759.jpg,2.885,0.7816124999999903
image760.jpg,3.0349999999999997,0.25218749999999
image761.jpg,2.7350000000000003,0.46313749999999
image762.jpg,2.785,0.2944624999999901
image763.jpg,2.7950000000000004,0.22563749999999017
image764.jpg,2.7750000000000004,0.30866249999999074
image765.jpg,3.065,-0.040987500000008836
image766.jpg,2.975,0.29268749999999155
image767.jpg,3.62,-0.43902500000000844
image768.jpg,3.435,0.2338749999999914
image769.jpg,4.505,-0.9414375000000086
image770.jpg,4.21,0.1230374999999917
image771.jpg,4.49,-1.2170000000000083
image772.jpg,4.495,-0.013550000000008167
image773.jpg,3.5450000000000004,-1.2784625000000085
image774.jpg,3.8600000000000003,-0.15173750000000874
image775.jpg,2.9599999999999995,-0.9404750000000088
image776.jpg,3.155,-0.24867500000000908
image777.jpg,2.69,-0.6195500000000091
image778.jpg,2.78,-0.3071000000000095
image779.jpg,2.7049999999999996,-0.2986125000000097
image780.jpg,2.6999999999999997,-0.32808750000000986
image781.jpg,2.93,-0.03900000000001036
image782.jpg,2.855,-0.3193500000000111
image783.jpg,3.365,0.25138749999998833
image784.jpg,3.22,-0.27878750000001196
image785.jpg,4.159999999999999,0.7750249999999883
image786.jpg,3.8949999999999996,-0.18317500000001186
image787.jpg,4.8500000000000005,1.1350999999999885
image788.jpg,4.62,-0.05215000000001169
image789.jpg,3.815,1.3311874999999884
image790.jpg,4.16,0.09511249999998825
image791.jpg,3.065,1.1029124999999884
image792.jpg,3.315,0.2125874999999886
image793.jpg,2.6750000000000003,0.7432374999999887
image794.jpg,2.805,0.2868624999999887
image795.jpg,2.57,0.43874999999998954
image796.jpg,2.605,0.3248999999999902
image797.jpg,2.6750000000000003,0.19678749999999035
image798.jpg,2.64,0.3344124999999907
image799.jpg,2.9749999999999996,-0.054712500000008824
image800.jpg,2.875,0.31541249999999144
image801.jpg,3.5,-0.37577500000000885
image802.jpg,3.325,0.2617249999999913
image803.jpg,4.279999999999999,-0.7727250000000083
image804.jpg,4.02,0.1668749999999921
image805.jpg,4.8500000000000005,-0.9917000000000078
image806.jpg,4.66,0.051549999999992435
image807.jpg,4.01,-1.0713000000000077
image808.jpg,4.29,-0.06825000000000778
image809.jpg,3.3499999999999996,-0.9548500000000084
image810.jpg,3.57,-0.17110000000000847
image811.jpg,3.005,-0.6402125000000087
image812.jpg,3.12,-0.23618750000000843
image813.jpg,2.915,-0.3663875000000081
image814.jpg,2.945,-0.26881250000000856
image815.jpg,2.9749999999999996,-0.19908750000000897
image816.jpg,2.955,-0.28121250000000897
image817.jpg,3.1999999999999997,0.009224999999990935
image818.jpg,3.125,-0.2697750000000094
image819.jpg,3.635,0.30231249999999044
image820.jpg,3.4899999999999998,-0.2265125000000099
image821.jpg,4.37,0.74849999999999
image822.jpg,4.125,-0.13665000000001015
image823.jpg,4.805,0.9622624999999899
image824.jpg,4.66,-0.026762500000010125
image825.jpg,4.04,0.9961249999999899
image826.jpg,4.295,0.0829249999999902
image827.jpg,3.4699999999999998,0.8491499999999905
image828.jpg,3.66,0.17279999999999074
image829.jpg,3.1999999999999997,0.5411249999999912
image830.jpg,3.29,0.2261249999999917
image831.jpg,3.2300000000000004,0.19504999999999173
image832.jpg,3.22,0.23989999999999156
image833.jpg,3.5,-0.11192500000000871
image834.jpg,3.41,0.21957499999999142
image835.jpg,4.07,-0.5343500000000083
image836.jpg,3.88,0.15429999999999167
image837.jpg,4.865,-0.9030375000000084
image838.jpg,4.6000000000000005,0.05163749999999179
image839.jpg,4.25,-1.1299000000000081
image840.jpg,4.455,-0.0716500000000081
image841.jpg,3.5,-1.0772750000000082
image842.jpg,3.75,-0.18477500000000835
image843.jpg,3.065,-0.7733625000000091
image844.jpg,3.21,-0.26103750000000936
image845.jpg,2.8999999999999995,-0.4911250000000096
image846.jpg,2.9549999999999996,-0.30362500000001
image847.jpg,2.99,-0.19390000000001084
image848.jpg,2.96,-0.31195000000001105
image849.jpg,3.29,0.07874999999998877
image850.jpg,3.19,-0.28980000000001205
image851.jpg,3.8899999999999997,0.5031499999999878
image852.jpg,3.6899999999999995,-0.22240000000001237
image853.jpg,4.7749999999999995,0.9542624999999878
image854.jpg,4.4799999999999995,-0.1088625000000123
image855.jpg,4.220000000000001,1.2325249999999879
image856.jpg,4.405,0.030424999999988156
image857.jpg,3.32,1.2365749999999884
image858.jpg,3.62,0.16497499999998877
image859.jpg,2.81,0.8546499999999888
image860.jpg,2.98,0.25359999999998895
image861.jpg,2.5849999999999995,0.565112499999989
image862.jpg,2.6599999999999997,0.30718749999998884
image863.jpg,2.6449999999999996,0.23911249999998896
image864.jpg,2.6249999999999996,0.32288749999998956
image865.jpg,2.945,-0.06608750000000985
image866.jpg,2.8449999999999998,0.3041874999999905
image867.jpg,3.44,-0.3467750000000094
image868.jpg,3.275,0.25502499999999095
image869.jpg,4.265,-0.8392375000000087
image870.jpg,3.9899999999999998,0.15443749999999157
image871.jpg,4.79,-1.1042500000000084
image872.jpg,4.615,0.028699999999991843
image873.jpg,3.8000000000000003,-1.2948250000000086
image874.jpg,4.13,-0.11282500000000861
image875.jpg,3.1399999999999997,-1.0004750000000089
image876.jpg,3.36,-0.21777500000000827
image877.jpg,2.7800000000000002,-0.7079750000000082
image878.jpg,2.9,-0.28707500000000863
image879.jpg,2.7049999999999996,-0.39836250000000906
image880.jpg,2.7299999999999995,-0.3198375000000091
image881.jpg,2.81,-0.1910500000000095
image882.jpg,2.775,-0.32800000000001006
image883.jpg,3.0799999999999996,0.02172499999998978
image884.jpg,2.9899999999999998,-0.31187500000001034
image885.jpg,3.5749999999999997,0.3397624999999893
image886.jpg,3.4099999999999997,-0.26136250000001127
image887.jpg,4.355,0.7734624999999886
image888.jpg,4.095000000000001,-0.16576250000001158
image889.jpg,4.73,1.0532999999999886
image890.jpg,4.605,-0.043350000000011546
image891.jpg,4.73,-0.04200000000001147
image892.jpg,3.8450000000000006,1.1415624999999885
image893.jpg,3.5250000000000004,0.9068749999999886
image894.jpg,3.4350000000000005,0.17772499999998814
image895.jpg,3.0500000000000003,0.427024999999988
image896.jpg,3.1100000000000003,0.22077499999998818
image897.jpg,3.32,-0.13015000000001153
image898.jpg,3.23,0.20224999999998872
image899.jpg,4.055,-0.7711875000000115
image900.jpg,3.81,0.11553749999998852
image901.jpg,4.91,-1.2623250000000115
image902.jpg,4.625,-0.020775000000011312
image903.jpg,3.875,-1.4038125000000117
image904.jpg,4.22,-0.1674375000000116
image905.jpg,3.125,-1.174937500000012
image906.jpg,3.375,-0.28431250000001196
image907.jpg,2.7350000000000003,-0.8146625000000123
image908.jpg,2.865,-0.35798750000001256
image909.jpg,2.63,-0.5095750000000128
image910.jpg,2.665,-0.3954250000000128
image911.jpg,2.75,-0.24697500000001282
image912.jpg,2.71,-0.40222500000001293
image913.jpg,3.1100000000000003,0.06742499999998719
image914.jpg,2.99,-0.37402500000001293
image915.jpg,3.7699999999999996,0.49817499999998693
image916.jpg,3.55,-0.2999750000000134
image917.jpg,4.745,0.9963124999999866
image918.jpg,4.42,-0.17496250000001345
image919.jpg,4.159999999999999,1.2864999999999867
image920.jpg,4.3549999999999995,-0.023300000000013643
image921.jpg,4.159999999999999,-0.01910000000001366
image922.jpg,3.2300000000000004,1.2274249999999864
image923.jpg,2.9850000000000003,0.8616624999999862
image924.jpg,2.8600000000000003,0.2072874999999863
image925.jpg,2.4800000000000004,0.47939999999998717
image926.jpg,2.5450000000000004,0.2579999999999876
image927.jpg,2.615,0.0902624999999877
image928.jpg,2.5700000000000003,0.2641874999999878
image929.jpg,3.0799999999999996,-0.34505000000001207
image930.jpg,2.925,0.22254999999998848
image931.jpg,3.8000000000000003,-0.7296500000000115
image932.jpg,3.56,0.14034999999998865
image933.jpg,4.76,-1.1360500000000113
image934.jpg,4.4399999999999995,0.017149999999988674
image935.jpg,4.76,0.01834999999998871
image936.jpg,4.325,-1.2027375000000113
image937.jpg,3.865,-1.1300250000000114
image938.jpg,3.815,-0.21922500000001177
image939.jpg,3.56,-0.2264250000000123
image940.jpg,3.29,-0.5943000000000129
image941.jpg,3.6049999999999995,0.0217124999999867
image942.jpg,3.4399999999999995,-0.25571250000001333
image943.jpg,4.295,0.7788124999999864
image944.jpg,4.035,-0.1607125000000138
image945.jpg,4.58,1.3385749999999863
image946.jpg,4.484999999999999,-0.009325000000013794
image947.jpg,3.56,1.3553249999999866
image948.jpg,3.9,0.1385249999999867
image949.jpg,3.0199999999999996,0.8670749999999874
image950.jpg,3.1999999999999997,0.22897499999998816
image951.jpg,3.0199999999999996,0.23887499999998907
image952.jpg,2.81,0.5292999999999899
image953.jpg,2.9250000000000003,0.2281374999999901
image954.jpg,2.8400000000000003,0.2928624999999898
image955.jpg,2.8550000000000004,0.3035874999999897
image956.jpg,3.2300000000000004,-0.18662500000001048
image957.jpg,3.9599999999999995,-0.8699125000000105
image958.jpg,3.8,0.16066249999998972
image959.jpg,4.085,0.16523749999998993
image960.jpg,4.985,-1.0725125000000102
image961.jpg,4.54,-0.5376750000000103
image962.jpg,4.695,-0.01792500000001039
image963.jpg,4.715,0.20023749999998963
image964.jpg,4.659999999999999,0.0008124999999896687
image965.jpg,4.535,1.0012624999999897
image966.jpg,4.595000000000001,0.10358749999998956
image967.jpg,3.8450000000000006,1.0276374999999895
image968.jpg,4.075,0.20541249999998956
image969.jpg,3.8450000000000006,0.21118749999998965
image970.jpg,3.5450000000000004,0.6177124999999899
image971.jpg,3.6899999999999995,0.20487499999999015
image972.jpg,3.5749999999999997,0.2659249999999902
image973.jpg,4.085,-0.3882625000000095
image974.jpg,3.9199999999999995,0.2103124999999908
image975.jpg,4.085,0.21488749999999102
image976.jpg,4.985,-1.0228625000000091
image977.jpg,4.335,-1.1893375000000093
image978.jpg,4.345,-0.0422125000000093
image979.jpg,4.0249999999999995,-0.0470875000000095
image980.jpg,3.5899999999999994,-0.6330500000000099
image981.jpg,3.8850000000000002,0.0822749999999901
image982.jpg,3.69,-0.10402500000001003
image983.jpg,4.46,0.8514749999999902
image984.jpg,4.22,-0.015225000000010036
image985.jpg,4.46,1.4247749999999901
image986.jpg,4.46,0.13147499999999002
image987.jpg,3.7250000000000005,1.1160124999999903
image988.jpg,3.97,0.24038749999999043
image989.jpg,3.4850000000000003,0.5673624999999909
image990.jpg,3.5650000000000004,0.2869374999999912
image991.jpg,3.5899999999999994,0.15424999999999112
image992.jpg,3.5549999999999997,0.28729999999999145
image993.jpg,3.935,-0.1665125000000085
image994.jpg,3.82,0.25281249999999145
image995.jpg,3.935,0.25813749999999147
image996.jpg,4.445,-0.4178125000000086
image997.jpg,4.83,-0.5444250000000084
image998.jpg,4.815,0.12157499999999166
image999.jpg,5.0,0.12157499999999166
image1000.jpg,4.8500000000000005,-0.07880000000000836
image1001.jpg,4.9,0.10044999999999166
image1002.jpg,4.79,0.5805999999999917
image1003.jpg,4.8100000000000005,0.14964999999999165
image1004.jpg,3.9800000000000004,1.2327249999999919
image1005.jpg,3.7550000000000003,0.9270624999999921
image1006.jpg,3.6500000000000004,0.3406374999999926
image1007.jpg,3.4850000000000003,0.34821249999999293
image1008.jpg,3.4250000000000003,0.4359374999999932
image1009.jpg,3.4450000000000003,0.371812499999993
image1010.jpg,3.8450000000000006,-0.1813625000000072
image1011.jpg,4.665,-0.9539875000000073
image1012.jpg,4.485,0.19898749999999277
image1013.jpg,4.805,0.19996249999999283
image1014.jpg,4.145,-1.2016875000000073
image1015.jpg,3.925,-0.7073875000000078
image1016.jpg,3.7649999999999997,-0.030512500000007714
image1017.jpg,3.5749999999999997,-0.037637500000007984
image1018.jpg,3.5749999999999997,-0.044762500000008254
image1019.jpg,4.115,0.6694624999999916
image1020.jpg,3.935,0.0170374999999916
image1021.jpg,4.805,1.455312499999992
image1022.jpg,4.575,0.16028749999999192
image1023.jpg,4.805,0.16126249999999198
image1024.jpg,4.1000000000000005,1.103999999999992
image1025.jpg,4.08,0.6031374999999919
image1026.jpg,3.9300000000000006,0.3029124999999917
image1027.jpg,3.8450000000000006,0.3086874999999918
image1028.jpg,4.145,-0.08628750000000807
image1029.jpg,4.87,-0.8240750000000081
image1030.jpg,4.695,0.16607499999999187
image1031.jpg,4.970000000000001,0.16622499999999188
image1032.jpg,3.8450000000000006,-1.4165875000000083
image1033.jpg,4.220000000000001,-0.0003625000000080647
image1034.jpg,3.185,-0.8877875000000084
image1035.jpg,3.255,-0.3052375000000085
image1036.jpg,3.085,-0.13506250000000897
image1037.jpg,3.035,-0.14488750000000916
image1038.jpg,3.065,-0.1146375000000095
image1039.jpg,3.445,0.36066249999999034
image1040.jpg,3.3249999999999997,-0.11506250000000984
